epoch,time,train/box_loss,train/cls_loss,train/l1_loss,train/angle_loss,metrics/precision(B),metrics/recall(B),metrics/mAP50(B),metrics/mAP50-95(B),val/box_loss,val/cls_loss,val/l1_loss,val/angle_loss,lr/pg0,lr/pg1,lr/pg2
1,12.3744,0.64111,6.21502,0.06396,0.0103,0.28781,0.56399,0.43475,0.36044,0.52398,4.28641,0.06181,0.03596,0.000544553,0.000544553,0.000544553
2,24.3171,0.46515,1.13925,0.05606,0.0045,0.80869,0.37874,0.54759,0.47446,0.75395,2.43253,0.0787,0.03392,0.00108933,0.00108933,0.00108933
3,35.6937,0.48667,0.7047,0.0575,0.00433,0.87346,0.48289,0.57591,0.50112,0.8897,1.87374,0.08576,0.01635,0.0016231,0.0016231,0.0016231
4,48.5811,0.48729,0.59492,0.05764,0.00441,0.85873,0.72775,0.84431,0.67556,0.74787,1.25586,0.07294,0.01513,0.00161749,0.00161749,0.00161749
5,60.4695,0.49377,0.55388,0.06365,0.00361,0.86437,0.80082,0.86098,0.75802,0.75995,1.03733,0.05617,0.02048,0.00160099,0.00160099,0.00160099
6,72.9051,0.44123,0.4864,0.05458,0.00382,0.87817,0.81976,0.8527,0.80378,0.3583,1.01817,0.05591,0.01645,0.00158448,0.00158448,0.00158448
7,85.8265,0.41314,0.42336,0.05483,0.00258,0.86942,0.79764,0.86094,0.78463,0.37155,0.74244,0.05445,0.01437,0.00156798,0.00156798,0.00156798
8,99.1903,0.4426,0.46205,0.05731,0.00217,0.87439,0.75521,0.85326,0.80071,0.42338,0.61539,0.05654,0.01475,0.00155148,0.00155148,0.00155148
9,112.318,0.40761,0.38269,0.05397,0.00205,0.70517,0.77716,0.7736,0.66294,0.80201,0.95107,0.06358,0.01443,0.00153497,0.00153497,0.00153497
10,126.938,0.39674,0.40346,0.05562,0.00209,0.84154,0.65734,0.68811,0.65062,0.40153,1.26732,0.05754,0.01496,0.00151847,0.00151847,0.00151847
11,142.299,0.37841,0.40775,0.05411,0.00228,0.88513,0.84442,0.95021,0.85577,0.49923,0.52813,0.05458,0.02737,0.00150197,0.00150197,0.00150197
12,159.643,0.38522,0.36121,0.0575,0.00226,0.90051,0.92553,0.97287,0.86511,0.4953,0.41479,0.0644,0.01189,0.00148546,0.00148546,0.00148546
13,178.8,0.39503,0.38633,0.05444,0.00209,0.92267,0.91892,0.95798,0.89989,0.38882,0.50626,0.05821,0.01425,0.00146896,0.00146896,0.00146896
14,194.164,0.36849,0.35534,0.0572,0.00181,0.93531,0.89458,0.95284,0.91924,0.24549,0.33348,0.04868,0.01219,0.00145246,0.00145246,0.00145246
15,211.058,0.36453,0.31626,0.05468,0.00203,0.94226,0.90378,0.95028,0.87225,0.4149,0.66573,0.05029,0.01489,0.00143595,0.00143595,0.00143595
16,229.729,0.36261,0.29313,0.05477,0.00203,0.96526,0.8693,0.91288,0.84131,0.61312,0.51746,0.04977,0.01131,0.00141945,0.00141945,0.00141945
17,245.117,0.35246,0.31448,0.05509,0.00192,0.86029,0.88525,0.88818,0.82312,0.46068,0.53942,0.04902,0.01322,0.00140295,0.00140295,0.00140295
18,264.831,0.33403,0.30671,0.05216,0.00151,0.88125,0.86607,0.91939,0.8651,0.33311,0.7199,0.05273,0.01354,0.00138644,0.00138644,0.00138644
19,281.85,0.35495,0.33115,0.05432,0.00164,0.90376,0.90393,0.93329,0.88931,0.37894,1.157,0.05227,0.01413,0.00136994,0.00136994,0.00136994
20,299.109,0.33623,0.29927,0.05168,0.00174,0.87666,0.93595,0.96088,0.87829,0.34263,0.41271,0.05534,0.01373,0.00135344,0.00135344,0.00135344
21,318.668,0.32392,0.29836,0.05056,0.00174,0.9319,0.85045,0.91444,0.87947,0.27722,0.46316,0.05023,0.01232,0.00133693,0.00133693,0.00133693
22,332.396,0.31671,0.30098,0.05419,0.00166,0.92398,0.81455,0.85264,0.81455,0.32292,0.94529,0.05048,0.01586,0.00132043,0.00132043,0.00132043
23,347.519,0.30895,0.25842,0.05176,0.00165,0.89067,0.95181,0.95458,0.92554,0.29039,0.44171,0.05117,0.01344,0.00130393,0.00130393,0.00130393
24,366.565,0.33001,0.2749,0.0537,0.00163,0.9056,0.95128,0.97736,0.94005,0.26834,0.2757,0.04931,0.01105,0.00128742,0.00128742,0.00128742
25,381.673,0.32628,0.26909,0.05585,0.00145,0.9325,0.9187,0.97362,0.94544,0.36234,0.425,0.04609,0.01478,0.00127092,0.00127092,0.00127092
26,397.33,0.30213,0.25665,0.05646,0.00115,0.92952,0.91004,0.95141,0.91349,0.30387,0.35054,0.05214,0.01301,0.00125442,0.00125442,0.00125442
27,412.274,0.3048,0.25698,0.05769,0.00112,0.97384,0.89062,0.95975,0.94238,0.24799,0.24731,0.04897,0.01329,0.00123791,0.00123791,0.00123791
28,428.005,0.29084,0.2591,0.05473,0.0013,0.93482,0.89586,0.94484,0.86463,0.41231,0.68597,0.05776,0.01237,0.00122141,0.00122141,0.00122141
29,444.146,0.31784,0.27441,0.05596,0.00123,0.92971,0.85999,0.93437,0.89165,0.332,0.36154,0.05231,0.01145,0.00120491,0.00120491,0.00120491
30,461.275,0.3002,0.25839,0.05241,0.00107,0.87808,0.94347,0.95145,0.89624,0.35473,0.33635,0.05294,0.01382,0.0011884,0.0011884,0.0011884
31,479.807,0.29427,0.2367,0.05334,0.00134,0.97669,0.86656,0.96285,0.93192,0.28818,0.61116,0.0472,0.0138,0.0011719,0.0011719,0.0011719
32,498.496,0.29665,0.24319,0.05092,0.00123,0.8991,0.90472,0.91748,0.87406,0.31965,0.53144,0.05376,0.01151,0.0011554,0.0011554,0.0011554
33,514.31,0.26979,0.24385,0.05469,0.00103,0.92476,0.94352,0.94975,0.91219,0.23941,0.33327,0.04707,0.01263,0.00113889,0.00113889,0.00113889
34,535.091,0.28301,0.24435,0.05835,0.00101,0.86615,0.87838,0.89652,0.88602,0.21235,0.49861,0.04716,0.0142,0.00112239,0.00112239,0.00112239
35,551.607,0.27912,0.24389,0.05538,0.00096,0.93269,0.97581,0.97469,0.95774,0.21753,0.23956,0.04465,0.01427,0.00110589,0.00110589,0.00110589
36,566.436,0.27843,0.22418,0.051,0.00098,0.89723,0.90916,0.94805,0.9207,0.25091,0.47441,0.04874,0.01266,0.00108938,0.00108938,0.00108938
37,585.425,0.26743,0.22593,0.05532,0.00087,0.95566,0.94648,0.96807,0.95124,0.22486,0.28006,0.04751,0.01246,0.00107288,0.00107288,0.00107288
38,600.075,0.24704,0.20724,0.05192,0.00096,0.97831,0.92506,0.97594,0.9545,0.22201,0.29784,0.04847,0.01316,0.00105638,0.00105638,0.00105638
39,615.948,0.2707,0.2207,0.05101,0.00091,0.9679,0.93676,0.97467,0.95884,0.19057,0.27898,0.0467,0.01191,0.00103987,0.00103987,0.00103987
40,635.443,0.24778,0.19655,0.0503,0.00126,0.99575,0.96443,0.97953,0.94864,0.27646,0.18428,0.05229,0.01086,0.00102337,0.00102337,0.00102337
41,650.927,0.2527,0.20801,0.0537,0.00085,0.99331,0.96951,0.98,0.95661,0.25714,0.21184,0.05094,0.01162,0.00100687,0.00100687,0.00100687
42,666.208,0.25603,0.20273,0.05023,0.00113,0.96941,0.98269,0.97906,0.96362,0.22018,0.15665,0.05089,0.01184,0.000990365,0.000990365,0.000990365
43,682.18,0.25275,0.20824,0.05275,0.00117,0.97196,0.94494,0.97356,0.95866,0.18524,0.1788,0.0458,0.01196,0.000973861,0.000973861,0.000973861
44,697.302,0.25326,0.20115,0.05582,0.00103,0.97271,0.91172,0.98354,0.96184,0.21904,0.21685,0.04872,0.0114,0.000957358,0.000957358,0.000957358
45,714.897,0.2319,0.18199,0.05274,0.00085,0.9961,0.94748,0.9814,0.95923,0.22409,0.24171,0.04833,0.01186,0.000940855,0.000940855,0.000940855
46,735.301,0.25182,0.19494,0.05387,0.00081,0.99511,0.96221,0.98576,0.95612,0.22059,0.24538,0.05015,0.01158,0.000924352,0.000924352,0.000924352
47,751.485,0.23707,0.19786,0.05515,0.00095,0.88792,0.91619,0.9382,0.89434,0.3081,0.43534,0.05255,0.01125,0.000907848,0.000907848,0.000907848
48,770.027,0.23712,0.19596,0.05223,0.00073,0.94142,0.97356,0.97906,0.95306,0.24161,0.17235,0.05025,0.01067,0.000891345,0.000891345,0.000891345
49,786.337,0.22739,0.20519,0.0537,0.00081,0.92468,0.91295,0.97456,0.93624,0.25628,0.25844,0.05073,0.01076,0.000874842,0.000874842,0.000874842
50,801.072,0.23235,0.20309,0.05457,0.00075,0.9683,0.93377,0.96952,0.95141,0.20053,0.34612,0.04485,0.01062,0.000858338,0.000858338,0.000858338
51,820.91,0.21429,0.1756,0.05074,0.00088,0.91359,0.95406,0.97046,0.95332,0.20692,0.26955,0.04909,0.01099,0.000841835,0.000841835,0.000841835
52,835.749,0.2217,0.18182,0.05075,0.00078,0.92955,0.99835,0.99058,0.9676,0.19958,0.22454,0.04709,0.01029,0.000825332,0.000825332,0.000825332
53,851.121,0.21224,0.17014,0.05032,0.00073,0.97512,0.96875,0.99194,0.96069,0.20395,0.15055,0.04638,0.01003,0.000808828,0.000808828,0.000808828
54,873.328,0.2112,0.17263,0.05046,0.00079,0.9705,0.94114,0.98796,0.95505,0.21096,0.15282,0.04725,0.01008,0.000792325,0.000792325,0.000792325
55,888.669,0.22118,0.17919,0.05406,0.0007,0.96124,0.90473,0.92714,0.90709,0.21908,0.30369,0.05093,0.01263,0.000775822,0.000775822,0.000775822
56,902.645,0.21112,0.18823,0.05582,0.00077,0.95435,0.96459,0.9752,0.9564,0.21521,0.19181,0.04981,0.0101,0.000759318,0.000759318,0.000759318
57,920.031,0.21687,0.17105,0.05391,0.00087,0.96846,0.92932,0.97364,0.95457,0.21538,0.18054,0.04846,0.01079,0.000742815,0.000742815,0.000742815
58,934.324,0.20389,0.16945,0.05057,0.00068,0.94795,0.93941,0.98852,0.96632,0.20704,0.17684,0.04831,0.01002,0.000726312,0.000726312,0.000726312
59,953.051,0.20003,0.17791,0.05065,0.00065,0.94917,0.92932,0.96125,0.953,0.21114,0.25757,0.04623,0.01008,0.000709809,0.000709809,0.000709809
60,974.805,0.19994,0.16501,0.05107,0.00077,0.90857,0.96687,0.96977,0.95226,0.20956,0.22381,0.04747,0.011,0.000693305,0.000693305,0.000693305
61,989.943,0.19137,0.15805,0.05109,0.00064,0.9237,0.93431,0.96309,0.95214,0.19545,0.26448,0.04636,0.01072,0.000676802,0.000676802,0.000676802
62,1011.11,0.18688,0.15533,0.05092,0.00069,0.92466,0.93376,0.94858,0.93571,0.2127,0.28441,0.04889,0.01036,0.000660299,0.000660299,0.000660299
63,1026.26,0.19019,0.16844,0.05397,0.00076,0.98274,0.90466,0.95147,0.93326,0.21235,0.23357,0.04762,0.01017,0.000643795,0.000643795,0.000643795
64,1042.46,0.19292,0.18655,0.05356,0.00064,0.97898,0.92581,0.97378,0.95752,0.19386,0.16483,0.0472,0.01031,0.000627292,0.000627292,0.000627292
65,1059.39,0.18167,0.15193,0.05297,0.00067,0.99699,0.95693,0.97909,0.96168,0.18732,0.1417,0.04634,0.01022,0.000610789,0.000610789,0.000610789
66,1074.65,0.17083,0.1365,0.05649,0.00062,0.98247,0.95609,0.95859,0.94939,0.1806,0.16668,0.04729,0.01018,0.000594286,0.000594286,0.000594286
67,1096.07,0.16549,0.14195,0.05302,0.00059,0.98426,0.97431,0.97953,0.96804,0.18519,0.16083,0.04666,0.01063,0.000577782,0.000577782,0.000577782
68,1114.31,0.1791,0.17718,0.05019,0.00085,0.96385,0.96057,0.95516,0.94523,0.17531,0.24499,0.04569,0.01254,0.000561279,0.000561279,0.000561279
69,1129,0.17125,0.1476,0.05415,0.00069,0.97206,0.9415,0.95417,0.94216,0.17783,0.23417,0.04663,0.01017,0.000544776,0.000544776,0.000544776
70,1147.69,0.16998,0.13531,0.05194,0.00088,0.98551,0.87596,0.9548,0.95034,0.15912,0.23967,0.04482,0.01044,0.000528272,0.000528272,0.000528272
71,1164.24,0.16904,0.1429,0.05274,0.0007,0.92057,0.9059,0.94977,0.94183,0.18184,0.2935,0.04394,0.01113,0.000511769,0.000511769,0.000511769
72,1177.91,0.18462,0.16455,0.04964,0.00072,0.9498,0.91024,0.96688,0.95696,0.17752,0.25015,0.04369,0.01162,0.000495266,0.000495266,0.000495266
73,1193.38,0.17525,0.15702,0.05388,0.00071,0.96963,0.95202,0.97603,0.95993,0.20154,0.20514,0.04403,0.01178,0.000478762,0.000478762,0.000478762
74,1214.82,0.16962,0.13019,0.05083,0.00073,0.95128,0.95682,0.97329,0.96332,0.17401,0.19331,0.04456,0.01175,0.000462259,0.000462259,0.000462259
75,1229.82,0.16678,0.13697,0.04877,0.00053,0.97298,0.95803,0.97685,0.96356,0.17162,0.16123,0.04297,0.01136,0.000445756,0.000445756,0.000445756
76,1247.65,0.16269,0.1418,0.05103,0.00054,0.97914,0.94494,0.95506,0.93754,0.176,0.20984,0.04289,0.01073,0.000429253,0.000429253,0.000429253
77,1269.62,0.16732,0.14179,0.04846,0.00062,0.92799,0.94548,0.96585,0.9517,0.16931,0.24515,0.04221,0.01204,0.000412749,0.000412749,0.000412749
78,1284.92,0.15169,0.13395,0.04623,0.0006,0.92933,0.96057,0.97381,0.95624,0.17418,0.27397,0.04239,0.01187,0.000396246,0.000396246,0.000396246
79,1302.38,0.15789,0.12339,0.05133,0.0006,0.98187,0.9438,0.95522,0.94202,0.17873,0.22959,0.04284,0.01184,0.000379743,0.000379743,0.000379743
80,1325.19,0.15253,0.11648,0.0517,0.00058,0.95017,0.95658,0.97302,0.95889,0.17231,0.19721,0.04343,0.01028,0.000363239,0.000363239,0.000363239
81,1341.53,0.16061,0.14116,0.0519,0.00056,0.98385,0.94267,0.97337,0.96032,0.17555,0.19432,0.04339,0.01005,0.000346736,0.000346736,0.000346736
82,1359.95,0.16394,0.14122,0.05233,0.00057,0.95304,0.94494,0.96641,0.95507,0.17372,0.20167,0.0433,0.01006,0.000330233,0.000330233,0.000330233
83,1381.33,0.16104,0.13449,0.04916,0.00065,0.94025,0.94174,0.96923,0.95615,0.16303,0.19356,0.04361,0.00971,0.000313729,0.000313729,0.000313729
84,1397.59,0.1527,0.12996,0.05036,0.00058,0.97707,0.94494,0.97542,0.96349,0.17462,0.17063,0.044,0.0098,0.000297226,0.000297226,0.000297226
85,1415.72,0.15638,0.13571,0.05133,0.00063,0.9706,0.96057,0.97685,0.95983,0.17398,0.18579,0.04367,0.00956,0.000280723,0.000280723,0.000280723
86,1438.19,0.1445,0.12038,0.04863,0.00063,0.97511,0.96057,0.97563,0.96254,0.15964,0.19203,0.0424,0.00959,0.00026422,0.00026422,0.00026422
87,1453.63,0.15345,0.12572,0.05,0.00059,0.97151,0.94295,0.97544,0.96424,0.16748,0.21048,0.04261,0.00957,0.000247716,0.000247716,0.000247716
88,1471.15,0.1457,0.12466,0.05124,0.00074,0.97811,0.94345,0.97107,0.95995,0.15247,0.21806,0.04242,0.00964,0.000231213,0.000231213,0.000231213
89,1494.97,0.1425,0.13067,0.04812,0.00054,0.97108,0.92704,0.97494,0.96307,0.1574,0.19159,0.04283,0.00948,0.00021471,0.00021471,0.00021471
90,1512.13,0.13564,0.12883,0.04841,0.00055,0.9827,0.96871,0.97859,0.96612,0.14879,0.15533,0.04196,0.00938,0.000198206,0.000198206,0.000198206
91,1538.28,0.07351,0.08666,0.00981,0.00045,0.97151,0.95813,0.97656,0.96102,0.16246,0.18995,0.04286,0.01029,0.000181703,0.000181703,0.000181703
92,1557.18,0.07551,0.05963,0.01022,0.00051,0.96251,0.96057,0.97283,0.96137,0.15103,0.17921,0.04232,0.01033,0.0001652,0.0001652,0.0001652
